Open time,Open price,High price,Low price,Close price,Volume,Close time,Quote asset volume,Number of trades,Taker buy base asset volume,Taker buy quote asset volume
1626681600000,0.17907000,0.18000000,0.17866000,0.17937000,16061145.70000000,1626683399999,2880207.03067700,4580,7988715.00000000,1432811.71854900
1626683400000,0.17943000,0.17968000,0.17803000,0.17817000,18103781.00000000,1626685199999,3241955.49850900,5852,9381743.80000000,1680790.41740600
1626685200000,0.17822000,0.17881000,0.17742000,0.17812000,19957169.30000000,1626686999999,3552620.99012400,5813,9745004.50000000,1734959.89669200
1626687000000,0.17812000,0.17850000,0.17652000,0.17710000,24832975.40000000,1626688799999,4406626.38332900,7401,10794853.20000000,1915816.07159400
1626688800000,0.17708000,0.17784000,0.17560000,0.17659000,32167185.30000000,1626690599999,5687623.52955300,7857,12230397.50000000,2161847.08459100
1626690600000,0.17658000,0.17694000,0.17547000,0.17564000,19264479.70000000,1626692399999,3397416.58627100,5632,9772596.10000000,1723635.72639500
1626692400000,0.17559000,0.17774000,0.17535000,0.17634000,22942207.20000000,1626694199999,4050388.61020200,6680,13681676.50000000,2415157.13589700
1626694200000,0.17634000,0.17709000,0.17538000,0.17552000,17831810.60000000,1626695999999,3137568.10498000,5208,10469353.50000000,1842375.24386400
1626696000000,0.17557000,0.17643000,0.17416000,0.17440000,31905052.40000000,1626697799999,5585778.28329600,8832,14509129.80000000,2540323.35965500
1626697800000,0.17440000,0.17440000,0.17060000,0.17151000,94469353.50000000,1626699599999,16238761.31604000,24167,40513040.60000000,6962941.54940900
1626699600000,0.17152000,0.17453000,0.17025000,0.17245000,54513695.70000000,1626701399999,9395616.81910600,14441,29207700.60000000,5037619.71170900
1626701400000,0.17239000,0.17273000,0.17053000,0.17137000,41946701.90000000,1626703199999,7192760.79115300,11302,20511891.50000000,3517042.41289000
1626703200000,0.17137000,0.17298000,0.17109000,0.17240000,33241458.90000000,1626704999999,5717157.56652800,9867,16585255.60000000,2852670.70768100
1626705000000,0.17237000,0.17465000,0.17211000,0.17387000,49003767.90000000,1626706799999,8513242.33337300,11909,21596016.40000000,3748939.88987900
1626706800000,0.17383000,0.17525000,0.17314000,0.17366000,37876897.30000000,1626708599999,6607317.62777300,9548,22176574.60000000,3870680.73940800
1626708600000,0.17366000,0.17482000,0.17280000,0.17313000,20493130.50000000,1626710399999,3559193.14842200,6424,10343056.40000000,1796587.31811100
1626710400000,0.17314000,0.17392000,0.17274000,0.17292000,16608532.30000000,1626712199999,2877891.49790100,5737,7687396.60000000,1332101.81615700
1626712200000,0.17290000,0.17359000,0.17191000,0.17278000,20252390.40000000,1626713999999,3497148.93094200,5727,10820716.30000000,1868774.48365200
1626714000000,0.17279000,0.17413000,0.17255000,0.17391000,11284234.00000000,1626715799999,1956409.57056800,4425,5137076.80000000,890787.77780400
1626715800000,0.17388000,0.17508000,0.17372000,0.17409000,16273778.30000000,1626717599999,2839341.43513200,5006,7523903.80000000,1312754.19166300
1626717600000,0.17409000,0.17454000,0.17331000,0.17376000,12744433.00000000,1626719399999,2217021.76287500,3901,7713063.50000000,1341788.21558500
1626719400000,0.17376000,0.17428000,0.17203000,0.17259000,16176225.10000000,1626721199999,2800919.23026700,5467,7659837.30000000,1326208.06276000
1626721200000,0.17260000,0.17370000,0.17203000,0.17345000,13331153.10000000,1626722999999,2302447.55512500,4806,6621400.30000000,1143747.11870000
1626723000000,0.17347000,0.17488000,0.17338000,0.17412000,17071107.60000000,1626724799999,2972354.90663100,5023,9424869.30000000,1641060.23804000
1626724800000,0.17414000,0.17439000,0.17328000,0.17334000,10224634.10000000,1626726599999,1777933.07422000,3427,4897990.10000000,851629.31071700
1626726600000,0.17332000,0.17477000,0.17325000,0.17372000,10408887.30000000,1626728399999,1811708.08865500,3775,5022726.90000000,873935.70584700
1626728400000,0.17373000,0.17636000,0.17373000,0.17497000,43480354.80000000,1626730199999,7611766.23940000,8523,29836858.40000000,5224422.19759000
1626730200000,0.17497000,0.17526000,0.17298000,0.17309000,12456729.70000000,1626731999999,2167331.81225000,3645,6494018.90000000,1130773.24327700
1626732000000,0.17310000,0.17490000,0.17310000,0.17488000,11710479.60000000,1626733799999,2038212.47849400,4074,6470525.50000000,1126621.77214800
1626733800000,0.17484000,0.17567000,0.17433000,0.17441000,12432777.10000000,1626735599999,2176221.29191200,3988,6219104.00000000,1088579.98652100
1626735600000,0.17441000,0.17508000,0.17394000,0.17418000,6298327.90000000,1626737399999,1098664.81734400,2681,3421698.70000000,596751.76268300
1626737400000,0.17420000,0.17517000,0.17331000,0.17362000,15114241.10000000,1626739199999,2636059.54611200,4089,7270463.70000000,1267405.11036400
1626739200000,0.17362000,0.17580000,0.17256000,0.17459000,36138029.50000000,1626740999999,6290211.24553000,8876,20021290.30000000,3484661.72617300
1626741000000,0.17456000,0.17516000,0.17291000,0.17298000,12924649.30000000,1626742799999,2249317.19515600,3898,5648477.90000000,983281.70905400
1626742800000,0.17295000,0.17336000,0.16811000,0.16998000,76697875.80000000,1626744599999,13062485.20101700,19784,33176107.40000000,5650764.05464900
1626744600000,0.16996000,0.17116000,0.16919000,0.17017000,27174086.50000000,1626746399999,4628354.99154100,7912,12969681.10000000,2209286.71507100
1626746400000,0.17016000,0.17103000,0.16831000,0.16905000,30484682.70000000,1626748199999,5172595.17759200,8474,15245730.20000000,2587992.26221200
1626748200000,0.16904000,0.16985000,0.16789000,0.16848000,42592694.50000000,1626749999999,7186432.92117300,10418,22105666.60000000,3730091.07259300
1626750000000,0.16846000,0.16910000,0.16100000,0.16392000,147386070.40000000,1626751799999,24298195.58335600,38129,60771206.80000000,10039117.13868500
1626751800000,0.16393000,0.16590000,0.16288000,0.16440000,60565494.20000000,1626753599999,9967160.90146400,18921,30604025.70000000,5035466.11713900
1626753600000,0.16440000,0.16505000,0.16235000,0.16267000,47683591.70000000,1626755399999,7811773.15953000,13848,24767539.30000000,4057859.14598500
1626755400000,0.16265000,0.16520000,0.16228000,0.16329000,56790369.00000000,1626757199999,9295010.09053700,15362,28389965.30000000,4645814.95393300
1626757200000,0.16328000,0.16538000,0.16293000,0.16416000,24600334.00000000,1626758999999,4038410.35915000,8805,13218530.30000000,2170381.85488200
1626759000000,0.16415000,0.16483000,0.16340000,0.16457000,21962593.10000000,1626760799999,3599952.59591400,7475,10336661.80000000,1694626.68983900
1626760800000,0.16455000,0.16510000,0.16372000,0.16415000,19266027.70000000,1626762599999,3167187.35068700,8073,8307458.40000000,1365745.13953600
1626762600000,0.16413000,0.16550000,0.16411000,0.16531000,16555169.40000000,1626764399999,2727510.12288000,6386,8025240.00000000,1322762.21021800
1626764400000,0.16531000,0.16787000,0.16515000,0.16601000,37556688.70000000,1626766199999,6256712.17220800,9996,18552549.10000000,3091170.59470300
1626766200000,0.16603000,0.16732000,0.16579000,0.16686000,18907495.20000000,1626767999999,3146891.62724900,5771,9555413.50000000,1590249.17913200
1626768000000,0.16686000,0.16765000,0.16612000,0.16621000,17243420.40000000,1626769799999,2875278.27878800,5313,9250248.30000000,1542850.61731100
1626769800000,0.16624000,0.16630000,0.16351000,0.16379000,31904868.20000000,1626771599999,5254776.45124500,8737,17006594.80000000,2801854.77828500
1626771600000,0.16376000,0.16522000,0.16367000,0.16391000,17603016.50000000,1626773399999,2890362.99403900,5615,8944602.30000000,1469167.74081200
1626773400000,0.16391000,0.16392000,0.16000000,0.16096000,58822093.30000000,1626775199999,9505114.16872400,16257,23147235.60000000,3745326.13433600
1626775200000,0.16094000,0.16462000,0.15988000,0.16377000,50672618.10000000,1626776999999,8218188.90577500,28382,27626177.60000000,4482138.91513000
1626777000000,0.16377000,0.16474000,0.16334000,0.16438000,21037058.60000000,1626778799999,3449078.54275000,20151,10279014.60000000,1685509.01762400
1626778800000,0.16438000,0.16705000,0.16368000,0.16392000,36075957.80000000,1626780599999,5962580.92709400,9518,18816297.90000000,3109921.00103600
1626780600000,0.16390000,0.16591000,0.16390000,0.16504000,19893581.10000000,1626782399999,3284968.84795900,7168,10464642.50000000,1727736.49867100
1626782400000,0.16503000,0.16602000,0.16449000,0.16491000,20170750.00000000,1626784199999,3331607.99904800,8217,11175694.50000000,1845532.02556700
1626784200000,0.16492000,0.16620000,0.16473000,0.16561000,15422479.10000000,1626785999999,2553000.51536000,6718,8145216.50000000,1348552.94937700
1626786000000,0.16563000,0.16587000,0.16266000,0.16316000,25639823.50000000,1626787799999,4209768.79216100,7411,11622843.70000000,1908850.27067500
1626787800000,0.16317000,0.16383000,0.16236000,0.16338000,23950301.70000000,1626789599999,3903614.36464800,6476,11835346.30000000,1929758.09920400
1626789600000,0.16344000,0.16630000,0.16255000,0.16495000,47922142.50000000,1626791399999,7884135.95911300,12389,24560788.40000000,4042613.70052100
1626791400000,0.16496000,0.16548000,0.16381000,0.16516000,17817227.00000000,1626793199999,2932258.31097100,6434,9337812.10000000,1537062.70834900
1626793200000,0.16515000,0.16900000,0.16470000,0.16868000,35754739.20000000,1626794999999,5946011.24843600,12964,21610932.30000000,3595514.61084400
1626795000000,0.16862000,0.16877000,0.16706000,0.16836000,40884512.10000000,1626796799999,6863286.79840700,13374,21609399.50000000,3628367.29692600
1626796800000,0.16840000,0.17997000,0.16828000,0.17854000,185292448.70000000,1626798599999,32253134.76665000,49655,102624633.60000000,17864291.48319200
1626798600000,0.17860000,0.17947000,0.17165000,0.17175000,127645191.60000000,1626800399999,22394097.55381100,29697,54592958.70000000,9572913.77661600
1626800400000,0.17171000,0.17280000,0.17037000,0.17222000,55477184.60000000,1626802199999,9521659.35515600,29829,28668857.80000000,4921228.70329500
1626802200000,0.17221000,0.17230000,0.16941000,0.16977000,37977377.00000000,1626803999999,6483073.47065500,25512,19693790.00000000,3363438.84827200
1626804000000,0.16978000,0.17264000,0.16974000,0.17188000,31968268.70000000,1626805799999,5476709.44102400,8114,17322762.00000000,2967358.13268700
1626805800000,0.17187000,0.17270000,0.17109000,0.17247000,14976067.20000000,1626807599999,2574132.63855100,5595,7877269.60000000,1354252.45946800
1626807600000,0.17245000,0.17279000,0.17037000,0.17129000,20523018.20000000,1626809399999,3515882.51843800,6176,9658392.50000000,1654867.58872800
1626809400000,0.17129000,0.17157000,0.17040000,0.17087000,12662051.70000000,1626811199999,2165170.81575800,3981,5478024.50000000,937026.04839000
1626811200000,0.17084000,0.17637000,0.17084000,0.17548000,40473825.80000000,1626812999999,7025651.89042600,12041,25697768.40000000,4463425.34936700
1626813000000,0.17546000,0.17718000,0.17293000,0.17329000,37185554.50000000,1626814799999,6502074.03765900,11962,18072315.60000000,3161547.34158700
1626814800000,0.17327000,0.17333000,0.17031000,0.17031000,24614820.50000000,1626816599999,4219133.60445000,7561,9307789.80000000,1595552.17241300
1626816600000,0.17035000,0.17172000,0.17000000,0.17129000,25795698.50000000,1626818399999,4404143.91380000,5200,15892365.60000000,2713924.89401400
1626818400000,0.17127000,0.17169000,0.17032000,0.17056000,14386016.10000000,1626820199999,2459110.47951200,4303,6549062.40000000,1119731.52384600
1626820200000,0.17055000,0.17085000,0.16736000,0.16819000,32942635.50000000,1626821999999,5556738.90830600,8864,13771829.10000000,2323795.73976500
1626822000000,0.16817000,0.17028000,0.16810000,0.16946000,18785270.90000000,1626823799999,3179897.78173100,18690,9083026.60000000,1537889.81198500
1626823800000,0.16948000,0.17223000,0.16948000,0.17047000,26236086.90000000,1626825599999,4482934.00332300,21726,12323298.20000000,2106616.97451900
1626825600000,0.17048000,0.17382000,0.16968000,0.17075000,36323501.20000000,1626827399999,6225034.84520400,17937,16713662.40000000,2867845.51673100
1626827400000,0.17075000,0.17075000,0.16876000,0.16928000,23091355.20000000,1626829199999,3913948.37256400,15036,11025890.50000000,1868668.29074200
1626829200000,0.16923000,0.17070000,0.16836000,0.17031000,25459388.60000000,1626830999999,4319588.33823800,10297,13792178.30000000,2340297.34722800
1626831000000,0.17034000,0.17341000,0.17018000,0.17319000,22838046.90000000,1626832799999,3920273.77780800,10061,13396187.90000000,2300772.48498000
1626832800000,0.17320000,0.17410000,0.17181000,0.17253000,33417012.20000000,1626834599999,5789599.00037300,10057,16202008.80000000,2807910.18864400
1626834600000,0.17257000,0.17533000,0.17211000,0.17499000,39346613.80000000,1626836399999,6845469.69574900,12201,21608156.80000000,3758443.23520100
1626836400000,0.17500000,0.17672000,0.17354000,0.17566000,36494555.10000000,1626838199999,6383759.45383700,11258,20950676.30000000,3666250.78148100
1626838200000,0.17563000,0.17858000,0.17498000,0.17525000,31017877.90000000,1626839999999,5475280.24896800,11579,17125197.60000000,3024077.46243400
1626840000000,0.17527000,0.18175000,0.17520000,0.18174000,115070069.00000000,1626841799999,20657248.46874500,37905,65927437.60000000,11834558.70030400
1626841800000,0.18174000,0.18338000,0.17901000,0.18081000,63186032.20000000,1626843599999,11412408.85931200,30948,32829474.20000000,5930399.84534800
1626843600000,0.18085000,0.18137000,0.17861000,0.18010000,56308052.10000000,1626845399999,10133812.99623700,14341,21505152.90000000,3868205.34193100
1626845400000,0.18010000,0.18254000,0.17992000,0.18019000,35894020.60000000,1626847199999,6487829.82325700,11678,18827575.30000000,3404091.47633300
1626847200000,0.18022000,0.18055000,0.17910000,0.18032000,27656076.90000000,1626848999999,4971793.28811300,7449,14151293.00000000,2544113.78668800
1626849000000,0.18030000,0.18128000,0.17931000,0.18071000,25849864.70000000,1626850799999,4662403.20226800,7322,14253851.90000000,2571080.45164100
1626850800000,0.18071000,0.18108000,0.17939000,0.18018000,24713049.30000000,1626852599999,4448121.89715600,6592,12845148.00000000,2311745.99642400
1626852600000,0.18018000,0.18040000,0.17820000,0.17928000,23232162.50000000,1626854399999,4159857.58689400,6557,11275268.20000000,2019156.78733900
1626854400000,0.17926000,0.17966000,0.17668000,0.17728000,33339358.80000000,1626856199999,5940279.83208600,9181,16383543.80000000,2921246.41943200
1626856200000,0.17725000,0.18500000,0.17724000,0.18095000,73386917.20000000,1626857999999,13235506.83174500,16307,47694209.90000000,8616659.41724400
1626858000000,0.18092000,0.18219000,0.17974000,0.18050000,48536822.80000000,1626859799999,8788222.94195700,13508,23572585.20000000,4269993.40539900
1626859800000,0.18050000,0.18750000,0.18048000,0.18638000,111932692.90000000,1626861599999,20622660.18390800,31188,59165517.00000000,10912780.35116800
1626861600000,0.18641000,0.19000000,0.18494000,0.18618000,107451159.80000000,1626863399999,20079549.97292400,30007,50622454.50000000,9464409.02625500
1626863400000,0.18617000,0.18627000,0.18406000,0.18539000,40485107.30000000,1626865199999,7487100.27656600,12130,18582705.90000000,3435955.53257700
1626865200000,0.18542000,0.18800000,0.18508000,0.18718000,52956826.80000000,1626866999999,9883236.52689600,25847,27467136.40000000,5126737.56106100
1626867000000,0.18719000,0.19144000,0.18719000,0.19046000,90558561.80000000,1626868799999,17163312.00783600,36544,49954341.50000000,9471264.39282200
1626868800000,0.19045000,0.19554000,0.18964000,0.19209000,145991389.70000000,1626870599999,28153046.18030900,64216,76044594.90000000,14674857.62288800
1626870600000,0.19209000,0.19520000,0.18843000,0.18929000,118947694.20000000,1626872399999,22793178.69813800,52068,61169978.50000000,11725458.24704500
1626872400000,0.18929000,0.19159000,0.18818000,0.19065000,59607125.10000000,1626874199999,11321057.74501800,20198,32095938.50000000,6097633.12909300
1626874200000,0.19061000,0.19285000,0.18981000,0.19058000,51473581.30000000,1626875999999,9855752.72385300,18324,25437292.90000000,4871764.37078300
1626876000000,0.19056000,0.19484000,0.19008000,0.19257000,87751621.70000000,1626877799999,16922444.29354000,39051,51256652.80000000,9882437.47139300
1626877800000,0.19257000,0.19619000,0.19160000,0.19454000,91074432.10000000,1626879599999,17668150.96113800,41169,47161373.10000000,9155191.87739200
1626879600000,0.19453000,0.19914000,0.19336000,0.19872000,109236503.30000000,1626881399999,21489582.29216900,33829,62201209.60000000,12240851.96907600
1626881400000,0.19878000,0.20200000,0.19598000,0.20145000,168363214.50000000,1626883199999,33505417.63329400,47500,93332744.40000000,18585587.70117100
1626883200000,0.20137000,0.20565000,0.19823000,0.20516000,164402267.60000000,1626884999999,33150777.15676200,70218,84394384.60000000,17030998.90064000
1626885000000,0.20514000,0.21442000,0.20301000,0.20349000,347047429.20000000,1626886799999,72409729.89897200,134213,176023452.20000000,36741709.99727200
1626886800000,0.20348000,0.20421000,0.19630000,0.19846000,280680890.90000000,1626888599999,56144680.49181000,81331,131756990.20000000,26376403.21267300
1626888600000,0.19845000,0.20312000,0.19709000,0.20229000,116804555.90000000,1626890399999,23386088.78667500,36894,60660997.30000000,12150748.43652800
1626890400000,0.20228000,0.21099000,0.19963000,0.20403000,389962870.80000000,1626892199999,80159172.65929300,114419,196271784.40000000,40360365.01628400
1626892200000,0.20409000,0.20643000,0.18722000,0.18947000,426192525.50000000,1626893999999,83215791.20109300,116848,190396730.20000000,37204687.11438700
1626894000000,0.18948000,0.19284000,0.18532000,0.18732000,210683612.40000000,1626895799999,39871071.64822000,81994,103799693.20000000,19664087.76774400
1626895800000,0.18731000,0.19030000,0.18665000,0.18821000,93155069.80000000,1626897599999,17560280.12847900,51311,50294347.90000000,9479918.27851900
1626897600000,0.18821000,0.19062000,0.18760000,0.18843000,67408879.60000000,1626899399999,12767088.65251700,28469,33350444.00000000,6318805.92739900
1626899400000,0.18843000,0.18953000,0.18656000,0.18861000,70489005.70000000,1626901199999,13239253.01028100,29154,33120186.90000000,6223983.99458500
1626901200000,0.18861000,0.18898000,0.18448000,0.18599000,74421686.90000000,1626902999999,13847218.13766600,27154,30079341.00000000,5596709.65209700
1626903000000,0.18600000,0.18888000,0.18581000,0.18813000,38984606.50000000,1626904799999,7320059.53058900,18754,18774695.30000000,3524434.24258400
1626904800000,0.18820000,0.19250000,0.18800000,0.19152000,74645124.20000000,1626906599999,14196430.47566700,17570,40823071.00000000,7768466.52016700
1626906600000,0.19149000,0.19211000,0.18982000,0.19170000,38751566.90000000,1626908399999,7397137.29122000,10796,18627776.10000000,3555965.32027100
1626908400000,0.19166000,0.19179000,0.18793000,0.18855000,49813602.20000000,1626910199999,9428026.35286200,13624,26772079.50000000,5067195.87716100
1626910200000,0.18855000,0.19125000,0.18784000,0.19046000,51545002.60000000,1626911999999,9771300.82169300,11880,29039439.60000000,5502533.72443800
1626912000000,0.19045000,0.19631000,0.18833000,0.19630000,114153313.60000000,1626913799999,22013129.25331300,27106,60259807.90000000,11615777.83712400
1626913800000,0.19622000,0.19646000,0.18974000,0.18997000,57181016.10000000,1626915599999,11019899.89233100,15835,25640641.80000000,4940527.48606800
1626915600000,0.18999000,0.19097000,0.18836000,0.18983000,40624122.30000000,1626917399999,7697530.56163200,18029,23128500.90000000,4381808.98519000
1626917400000,0.18983000,0.19040000,0.18687000,0.18875000,27115422.90000000,1626919199999,5117888.22927400,16158,13861899.70000000,2616401.00638800
1626919200000,0.18876000,0.18876000,0.18669000,0.18846000,20350345.30000000,1626920999999,3820851.19065800,7470,10599349.90000000,1990171.61192200
1626921000000,0.18846000,0.18846000,0.18632000,0.18672000,21064340.40000000,1626922799999,3940000.22058000,6991,10415946.60000000,1948452.49731500
1626922800000,0.18674000,0.19010000,0.18652000,0.18882000,23320826.30000000,1626924599999,4400528.21640300,8471,12640830.50000000,2385599.52006300
1626924600000,0.18882000,0.19028000,0.18784000,0.19012000,18556921.50000000,1626926399999,3509637.88632300,6686,10187122.20000000,1926589.01568000
1626926400000,0.19011000,0.19475000,0.18958000,0.19431000,47736516.00000000,1626928199999,9173696.41181300,52293,26480617.20000000,5087541.20143100
1626928200000,0.19430000,0.19433000,0.19067000,0.19197000,33313533.10000000,1626929999999,6400631.35596200,44233,17139520.30000000,3292735.04955800
1626930000000,0.19200000,0.19282000,0.18976000,0.19043000,23733848.10000000,1626931799999,4528216.36237600,7739,12023560.50000000,2294564.20514400
1626931800000,0.19043000,0.19120000,0.18813000,0.18906000,24597649.20000000,1626933599999,4654437.36276300,7959,13282791.40000000,2513328.84759000
1626933600000,0.18903000,0.19175000,0.18856000,0.19087000,21703716.50000000,1626935399999,4129426.23825700,7212,11549083.40000000,2198057.16421700
1626935400000,0.19087000,0.19274000,0.18998000,0.19256000,31162101.10000000,1626937199999,5968073.07711400,9557,15456976.20000000,2961200.48238100
1626937200000,0.19256000,0.19528000,0.19149000,0.19446000,53878436.60000000,1626938999999,10439323.77571400,16773,28226975.10000000,5468076.78130200
1626939000000,0.19446000,0.19469000,0.19123000,0.19221000,29453992.80000000,1626940799999,5678041.19715200,8663,13223461.10000000,2549471.07757900
1626940800000,0.19221000,0.19451000,0.19151000,0.19449000,22673253.80000000,1626942599999,4386182.83712600,8278,11174194.40000000,2162373.32329400
1626942600000,0.19449000,0.19451000,0.19256000,0.19350000,32501203.80000000,1626944399999,6287860.95818100,8276,14444704.50000000,2794439.87165800
1626944400000,0.19347000,0.19395000,0.19165000,0.19278000,25435457.40000000,1626946199999,4899021.58811400,7384,11077635.80000000,2133946.18148200
1626946200000,0.19276000,0.19279000,0.18789000,0.18966000,61687155.30000000,1626947999999,11701705.44555100,16494,28050962.50000000,5322284.87109400
1626948000000,0.18966000,0.19085000,0.18857000,0.18932000,25918225.40000000,1626949799999,4911369.69851100,7826,13555598.10000000,2568699.11943800
1626949800000,0.18934000,0.19143000,0.18902000,0.18994000,20123062.50000000,1626951599999,3830038.67249100,6955,9914762.20000000,1887329.91366600
1626951600000,0.18994000,0.19079000,0.18893000,0.18935000,22971239.50000000,1626953399999,4359759.56389300,7106,12375925.20000000,2348779.09526700
1626953400000,0.18935000,0.19085000,0.18934000,0.19007000,17377885.90000000,1626955199999,3304334.33567200,5428,8993161.60000000,1709962.80838300
1626955200000,0.19007000,0.19009000,0.18675000,0.18720000,29594233.80000000,1626956999999,5575597.10373600,9047,13451313.30000000,2533869.38338400
1626957000000,0.18719000,0.19209000,0.18709000,0.19168000,49174409.70000000,1626958799999,9344533.89333000,14393,26510093.70000000,5038098.16572200
1626958800000,0.19165000,0.19267000,0.19087000,0.19133000,31533336.10000000,1626960599999,6044782.27900400,9510,15857656.30000000,3040461.64324000
1626960600000,0.19133000,0.19139000,0.18945000,0.19024000,25782526.30000000,1626962399999,4908882.52877800,7226,12036389.90000000,2291840.75371100
1626962400000,0.19024000,0.19147000,0.18928000,0.19037000,22904782.30000000,1626964199999,4361765.82960300,7009,11426319.10000000,2176236.16243200
1626964200000,0.19036000,0.19142000,0.18888000,0.19119000,31620901.30000000,1626965999999,6016547.94271300,9419,16457391.80000000,3132197.14373700
1626966000000,0.19118000,0.19305000,0.19028000,0.19257000,38721151.90000000,1626967799999,7414112.55106000,10431,21836338.50000000,4184367.97321000
1626967800000,0.19257000,0.19443000,0.19139000,0.19400000,50357866.40000000,1626969599999,9715053.35064800,13997,25884542.80000000,4995105.09904700
1626969600000,0.19400000,0.19524000,0.19111000,0.19159000,52185106.70000000,1626971399999,10076428.08436300,14781,25599587.70000000,4945488.06990000
1626971400000,0.19151000,0.19271000,0.19136000,0.19247000,21859289.60000000,1626973199999,4198085.24696900,6748,11654382.40000000,2238200.18584700
1626973200000,0.19250000,0.19381000,0.19211000,0.19288000,26159928.20000000,1626974999999,5049576.42364100,7971,12573749.10000000,2426756.04024300
1626975000000,0.19289000,0.19312000,0.19215000,0.19282000,17031549.10000000,1626976799999,3281131.44015500,5376,7994017.00000000,1540238.20114500
1626976800000,0.19281000,0.19331000,0.19079000,0.19092000,31947077.40000000,1626978599999,6120761.82518000,8922,15538845.40000000,2977457.02462500
1626978600000,0.19091000,0.19171000,0.19007000,0.19155000,19829530.90000000,1626980399999,3787226.26535300,5680,11301073.10000000,2158712.03491300
1626980400000,0.19155000,0.19190000,0.19087000,0.19139000,14328629.90000000,1626982199999,2742360.01394600,4284,8703703.80000000,1665868.81374300
1626982200000,0.19137000,0.19229000,0.19082000,0.19171000,10258453.50000000,1626983999999,1965675.76707900,3714,5671441.70000000,1086975.98341000
1626984000000,0.19171000,0.19173000,0.19063000,0.19105000,13890901.10000000,1626985799999,2655038.59668300,4088,7774094.80000000,1485918.27186800
1626985800000,0.19105000,0.19190000,0.19056000,0.19088000,8200592.20000000,1626987599999,1568485.93888700,3114,4455849.60000000,852250.28025200
1626987600000,0.19089000,0.19142000,0.19072000,0.19104000,7052747.80000000,1626989399999,1346894.65292400,2846,3839191.90000000,733282.23234800
1626989400000,0.19103000,0.19228000,0.18940000,0.18961000,19318948.50000000,1626991199999,3689067.14592000,6140,8708881.10000000,1664270.20894800
1626991200000,0.18960000,0.19073000,0.18950000,0.19015000,15613450.60000000,1626992999999,2968836.62578100,5169,8763105.40000000,1666103.82991900
1626993000000,0.19014000,0.19073000,0.18991000,0.19001000,14427727.60000000,1626994799999,2747525.08712900,3769,7789006.50000000,1483556.47133900
1626994800000,0.19009000,0.19144000,0.18955000,0.19103000,12323618.50000000,1626996599999,2347470.19251500,4370,6430531.70000000,1224805.93475100
1626996600000,0.19105000,0.19198000,0.19082000,0.19123000,13171822.70000000,1626998399999,2523074.61298800,3880,6471215.70000000,1239456.71535100
1626998400000,0.19119000,0.19158000,0.18961000,0.19008000,25056949.90000000,1627000199999,4772007.62782000,6735,10938614.30000000,2083442.97391500
1627000200000,0.19010000,0.19198000,0.18964000,0.19132000,18820555.70000000,1627001999999,3585618.53614000,5084,10990349.60000000,2094017.83450700
1627002000000,0.19134000,0.19219000,0.19112000,0.19176000,15721585.30000000,1627003799999,3013944.86007400,4253,9953809.60000000,1908326.82134600
1627003800000,0.19177000,0.19415000,0.19149000,0.19392000,50332458.20000000,1627005599999,9723646.05894600,13057,25281988.00000000,4884246.98680400
1627005600000,0.19397000,0.19430000,0.19270000,0.19289000,35949755.60000000,1627007399999,6954777.40718700,8601,18372275.20000000,3555116.98267300
1627007400000,0.19288000,0.19349000,0.19209000,0.19304000,14882774.60000000,1627009199999,2869911.32082100,4689,7194597.80000000,1387510.63205000
1627009200000,0.19304000,0.19342000,0.19187000,0.19264000,15406313.00000000,1627010999999,2967085.85982400,4630,8326062.70000000,1603822.03269000
1627011000000,0.19262000,0.19296000,0.19186000,0.19218000,11065307.10000000,1627012799999,2127444.03479100,3874,6198125.50000000,1191617.98672000
1627012800000,0.19218000,0.19363000,0.19180000,0.19345000,15189572.10000000,1627014599999,2928421.62105700,5170,7903428.00000000,1524210.51801300
1627014600000,0.19345000,0.19503000,0.19330000,0.19482000,31653135.90000000,1627016399999,6137745.77987900,8146,17695796.30000000,3433925.20280700
1627016400000,0.19482000,0.19850000,0.19475000,0.19816000,88533878.50000000,1627018199999,17391856.23421500,24205,49681276.90000000,9767185.97207400
1627018200000,0.19816000,0.19977000,0.19551000,0.19637000,93169125.50000000,1627019999999,18429357.28884700,21969,37129676.60000000,7345122.96019900
1627020000000,0.19638000,0.19669000,0.19495000,0.19549000,33314911.30000000,1627021799999,6521758.96361800,9730,15721384.50000000,3077717.04058600
1627021800000,0.19549000,0.19629000,0.19533000,0.19559000,19216397.00000000,1627023599999,3762530.42412100,5645,9566979.20000000,1873489.12702700
1627023600000,0.19561000,0.19592000,0.19248000,0.19251000,45057788.20000000,1627025399999,8729582.07836300,11951,19971024.80000000,3870583.18095600
1627025400000,0.19254000,0.19460000,0.19239000,0.19456000,18125507.90000000,1627027199999,3507212.87183500,6104,11167981.30000000,2161480.00083600
1627027200000,0.19456000,0.19460000,0.19055000,0.19245000,40921817.50000000,1627028999999,7877223.94598600,10703,14531383.50000000,2800954.30818300
1627029000000,0.19245000,0.19311000,0.18909000,0.19083000,36446681.70000000,1627030799999,6973629.77344400,10083,14165479.30000000,2716947.86413000
1627030800000,0.19080000,0.19239000,0.18939000,0.19209000,24504353.00000000,1627032599999,4682294.10634800,7609,13052759.50000000,2495775.22733100
1627032600000,0.19208000,0.19208000,0.19101000,0.19122000,9979370.80000000,1627034399999,1910840.68790600,4593,4863157.00000000,931199.54455600
1627034400000,0.19122000,0.19131000,0.18986000,0.19034000,21465159.50000000,1627036199999,4088407.14694900,7722,11280223.80000000,2148479.51494700
1627036200000,0.19033000,0.19134000,0.18985000,0.19080000,14344253.20000000,1627037999999,2733295.55290400,4941,8077348.20000000,1539135.58090200
1627038000000,0.19080000,0.19242000,0.19066000,0.19190000,18941192.30000000,1627039799999,3632761.90983200,6151,9473021.10000000,1817053.87160700
1627039800000,0.19190000,0.19190000,0.19075000,0.19080000,11765012.30000000,1627041599999,2249125.64606900,4340,5528015.40000000,1056982.72224500
1627041600000,0.19079000,0.19180000,0.19013000,0.19096000,18837387.80000000,1627043399999,3595288.16079000,6574,10046081.70000000,1918097.61283600
1627043400000,0.19104000,0.19239000,0.19087000,0.19219000,14354867.20000000,1627045199999,2752350.12649400,5368,7646019.30000000,1465897.88658300
1627045200000,0.19220000,0.19289000,0.19157000,0.19222000,18499736.90000000,1627046999999,3557900.01593500,6014,8577020.80000000,1649534.88682100
1627047000000,0.19222000,0.19326000,0.19185000,0.19291000,17799313.00000000,1627048799999,3427382.21628000,5954,9320356.80000000,1795180.14776900
1627048800000,0.19291000,0.19291000,0.19160000,0.19189000,14803541.10000000,1627050599999,2845084.53931200,5799,6736410.00000000,1294672.01655400
1627050600000,0.19190000,0.19204000,0.19086000,0.19133000,15057669.20000000,1627052399999,2881039.15936500,5324,6753154.20000000,1292207.88242700
1627052400000,0.19132000,0.19153000,0.19030000,0.19045000,16170860.10000000,1627054199999,3085925.70004000,5631,7526397.30000000,1436241.10015000
1627054200000,0.19044000,0.19100000,0.18773000,0.18876000,30427504.50000000,1627055999999,5767811.27807500,10311,11957483.00000000,2267416.30763900
1627056000000,0.18876000,0.18900000,0.18292000,0.18374000,118677708.90000000,1627057799999,21984125.46946600,33182,54178630.40000000,10039826.94542600
1627057800000,0.18376000,0.18609000,0.18344000,0.18567000,34757049.10000000,1627059599999,6428577.84200300,10283,19853838.60000000,3672285.26432400
1627059600000,0.18562000,0.18569000,0.18364000,0.18448000,21000405.40000000,1627061399999,3878950.96362000,7148,8762511.50000000,1618741.64616700
1627061400000,0.18448000,0.18548000,0.18383000,0.18542000,17065305.80000000,1627063199999,3152332.48963800,6238,8114152.50000000,1499013.69310300
1627063200000,0.18543000,0.18700000,0.18474000,0.18674000,18158445.50000000,1627064999999,3376112.36443800,5209,11003280.00000000,2046218.61255200
1627065000000,0.18674000,0.18690000,0.18486000,0.18553000,14208548.00000000,1627066799999,2641703.40540400,4656,6791384.50000000,1262630.59179600
1627066800000,0.18553000,0.18645000,0.18542000,0.18637000,8010693.70000000,1627068599999,1490706.54189900,3182,3799860.90000000,707030.29354400
1627068600000,0.18636000,0.18720000,0.18599000,0.18679000,14705089.40000000,1627070399999,2746904.74009700,4137,8437409.30000000,1576178.36338800
1627070400000,0.18679000,0.18928000,0.18624000,0.18798000,30114873.90000000,1627072199999,5656295.69511700,7749,16514809.10000000,3101669.94520000
1627072200000,0.18798000,0.18868000,0.18757000,0.18813000,18377686.30000000,1627073999999,3456215.40952500,4729,10961548.90000000,2061542.93918000
1627074000000,0.18814000,0.18905000,0.18761000,0.18900000,13882763.00000000,1627075799999,2612511.46683000,4188,8258448.40000000,1554245.48093300
1627075800000,0.18901000,0.18904000,0.18828000,0.18893000,13171207.60000000,1627077599999,2486120.52495000,4087,7148539.60000000,1349430.99684200
1627077600000,0.18889000,0.19124000,0.18889000,0.19014000,33203103.10000000,1627079399999,6316024.79063800,9327,16938211.60000000,3221967.69581200
1627079400000,0.19014000,0.19270000,0.19014000,0.19212000,53502869.40000000,1627081199999,10254788.18706500,16201,28166252.10000000,5398812.29267000
1627081200000,0.19215000,0.19347000,0.19179000,0.19314000,36790009.10000000,1627082999999,7092276.97692600,11819,20206664.70000000,3895234.33120300
1627083000000,0.19315000,0.19500000,0.19284000,0.19489000,50886198.30000000,1627084799999,9875628.67417100,15421,27059339.30000000,5253632.46334300
1627084800000,0.19490000,0.19538000,0.19197000,0.19273000,53295679.70000000,1627086599999,10300881.11274900,15980,23512646.50000000,4544760.07822500
1627086600000,0.19276000,0.19480000,0.19237000,0.19277000,35604528.80000000,1627088399999,6894464.62286100,10167,16937111.20000000,3281220.05608500
1627088400000,0.19276000,0.19313000,0.19126000,0.19155000,30816538.20000000,1627090199999,5916810.87296000,9087,12645051.50000000,2428700.91398200
1627090200000,0.19156000,0.19342000,0.19117000,0.19307000,16285920.10000000,1627091999999,3132659.09743000,6529,7977331.00000000,1534622.61036600
1627092000000,0.19308000,0.19440000,0.19248000,0.19374000,28544163.40000000,1627093799999,5520835.01810200,7599,15187775.10000000,2937164.14690900
1627093800000,0.19374000,0.19390000,0.19275000,0.19348000,18545650.20000000,1627095599999,3586379.86114800,5543,9997199.30000000,1933644.39255100
1627095600000,0.19349000,0.19383000,0.19215000,0.19242000,12818708.10000000,1627097399999,2471559.49973400,4600,6353725.10000000,1225434.97118200
1627097400000,0.19242000,0.19459000,0.19242000,0.19436000,22995927.60000000,1627099199999,4453897.04308500,6522,10441227.70000000,2022027.37608200
1627099200000,0.19437000,0.19487000,0.19245000,0.19334000,21504735.70000000,1627100999999,4162572.18777700,6851,10584775.00000000,2048862.97603200
1627101000000,0.19335000,0.19450000,0.19302000,0.19306000,23443823.20000000,1627102799999,4542829.66317800,6534,10399826.40000000,2015501.87447200
1627102800000,0.19307000,0.19338000,0.19214000,0.19279000,20292979.30000000,1627104599999,3908001.76338200,5897,9780595.20000000,1883427.26321100
1627104600000,0.19278000,0.19390000,0.19240000,0.19343000,18355168.90000000,1627106399999,3548333.05398800,5383,10290587.40000000,1989083.14117000
1627106400000,0.19344000,0.19416000,0.19287000,0.19384000,27382309.50000000,1627108199999,5298530.31375300,7126,15252949.70000000,2952078.19116500
1627108200000,0.19388000,0.19600000,0.19310000,0.19575000,36951059.90000000,1627109999999,7175156.04017300,9968,18362195.00000000,3567796.65339500
1627110000000,0.19574000,0.19645000,0.19352000,0.19389000,30912301.00000000,1627111799999,6025548.64148300,11899,14059929.70000000,2741263.70283900
1627111800000,0.19389000,0.19460000,0.19345000,0.19406000,18748563.30000000,1627113599999,3637194.56162400,6211,9434302.40000000,1830624.06604800
1627113600000,0.19407000,0.19477000,0.19218000,0.19282000,28008257.40000000,1627115399999,5411467.97131400,8155,12430217.00000000,2400731.44907700
1627115400000,0.19283000,0.19343000,0.19200000,0.19230000,16850087.00000000,1627117199999,3245369.79156000,5871,7778056.30000000,1498212.55052400
1627117200000,0.19237000,0.19349000,0.19230000,0.19308000,17142015.80000000,1627118999999,3307766.17380900,5257,9984563.80000000,1926620.81986500
1627119000000,0.19309000,0.19399000,0.19302000,0.19390000,14129832.90000000,1627120799999,2735531.20948000,5553,7540729.70000000,1459990.46708500
1627120800000,0.19391000,0.19395000,0.19256000,0.19358000,15269268.60000000,1627122599999,2948166.40860000,5643,7018097.30000000,1355000.38318100
1627122600000,0.19356000,0.19900000,0.19347000,0.19614000,94423215.90000000,1627124399999,18514219.69163400,27563,62119832.70000000,12188671.46603600
1627124400000,0.19614000,0.19916000,0.19464000,0.19594000,112093528.20000000,1627126199999,22109103.08151500,29134,48357296.00000000,9545918.88729300
1627126200000,0.19591000,0.19609000,0.19465000,0.19580000,24863645.10000000,1627127999999,4860630.35781200,9323,11628395.50000000,2273837.96023100
1627128000000,0.19579000,0.19579000,0.19364000,0.19440000,29964618.20000000,1627129799999,5834383.36876700,9493,14518656.70000000,2827862.66370300
1627129800000,0.19441000,0.19774000,0.19426000,0.19541000,31175006.20000000,1627131599999,6100996.29917700,8515,20397506.70000000,3994108.76054200
1627131600000,0.19541000,0.19609000,0.19481000,0.19568000,18462310.90000000,1627133399999,3608786.97756700,5985,10171942.30000000,1988552.96936200
1627133400000,0.19567000,0.19635000,0.19544000,0.19567000,25071472.90000000,1627135199999,4910621.65045000,6985,11110216.30000000,2176783.63737400
1627135200000,0.19568000,0.19568000,0.19464000,0.19521000,18568887.00000000,1627136999999,3620697.01222200,5870,8643302.40000000,1685288.43295700
1627137000000,0.19521000,0.19556000,0.19470000,0.19478000,21144382.20000000,1627138799999,4125136.33840800,6354,11140716.50000000,2173485.37940000
1627138800000,0.19478000,0.19628000,0.19460000,0.19565000,20216204.80000000,1627140599999,3951595.13221100,6955,10308177.20000000,2015398.97252900
1627140600000,0.19566000,0.19568000,0.19350000,0.19508000,26019044.20000000,1627142399999,5064176.53143800,8505,12543298.80000000,2440833.39621200
1627142400000,0.19508000,0.19831000,0.19406000,0.19800000,48037639.80000000,1627144199999,9436186.67696300,14857,24990531.30000000,4909131.06949400
1627144200000,0.19805000,0.20450000,0.19701000,0.20238000,134971112.50000000,1627145999999,27136127.09089700,54567,72330816.70000000,14541036.14354400
1627146000000,0.20238000,0.20260000,0.19857000,0.19913000,85632364.70000000,1627147799999,17203766.57779200,24885,43450768.60000000,8729026.55762500
1627147800000,0.19913000,0.20000000,0.19789000,0.19925000,34513118.30000000,1627149599999,6874774.99127400,11437,17419895.10000000,3470177.98120500
1627149600000,0.19926000,0.20099000,0.19892000,0.20034000,44955142.10000000,1627151399999,8992424.14675200,10762,27722008.20000000,5545021.22811800
1627151400000,0.20034000,0.20063000,0.19918000,0.19967000,27110416.70000000,1627153199999,5420216.20290300,7744,10829958.10000000,2165264.68419400
1627153200000,0.19966000,0.19966000,0.19643000,0.19727000,30184739.70000000,1627154999999,5975065.82422900,11073,14622042.60000000,2894715.46332900
1627155000000,0.19727000,0.19746000,0.19414000,0.19505000,51382337.60000000,1627156799999,10057707.84110400,15291,27976590.00000000,5476412.49475700
1627156800000,0.19506000,0.19644000,0.19230000,0.19354000,112526526.90000000,1627158599999,21859989.14055400,24311,41064880.60000000,7983532.79257800
1627158600000,0.19355000,0.19470000,0.19336000,0.19466000,20360527.70000000,1627160399999,3950897.17886800,6925,10784781.90000000,2092634.37111400
1627160400000,0.19470000,0.19540000,0.19352000,0.19520000,18647004.20000000,1627162199999,3629655.77014900,5885,9969902.30000000,1940877.73092900
1627162200000,0.19521000,0.19678000,0.19479000,0.19643000,18802882.40000000,1627163999999,3684628.00823100,6410,10380133.20000000,2034571.74568900
1627164000000,0.19643000,0.19643000,0.19433000,0.19521000,16603323.50000000,1627165799999,3243643.68956500,5641,7422800.60000000,1449907.90924800
1627165800000,0.19520000,0.19635000,0.19442000,0.19608000,15686275.70000000,1627167599999,3062904.86827900,4950,8282417.20000000,1617186.56449100
1627167600000,0.19610000,0.19618000,0.19483000,0.19600000,16371513.40000000,1627169399999,3197509.51175600,4878,8916020.90000000,1740907.24078500
1627169400000,0.19602000,0.19764000,0.19602000,0.19688000,21930946.80000000,1627171199999,4320853.84534500,5897,11531756.00000000,2272110.75783600
1627171200000,0.19689000,0.19794000,0.19586000,0.19638000,33560311.00000000,1627172999999,6607164.53402100,8778,16098744.10000000,3170236.48060100
1627173000000,0.19638000,0.19657000,0.19305000,0.19376000,31031630.40000000,1627174799999,6034752.66956500,10084,13650372.50000000,2655554.68468000
1627174800000,0.19376000,0.19470000,0.19277000,0.19346000,19803294.70000000,1627176599999,3835800.72527300,6282,10413228.50000000,2017603.16152500
1627176600000,0.19345000,0.19364000,0.19105000,0.19169000,25007914.00000000,1627178399999,4812755.67645400,8557,11316260.70000000,2178264.51749200
1627178400000,0.19169000,0.19333000,0.19141000,0.19326000,18310609.00000000,1627180199999,3525723.97170900,6854,8678413.00000000,1670186.65146900
1627180200000,0.19325000,0.19415000,0.19315000,0.19397000,8859285.70000000,1627181999999,1715713.49067600,3717,4812427.70000000,932062.56089900
1627182000000,0.19397000,0.19453000,0.19361000,0.19441000,10761292.70000000,1627183799999,2089310.54198300,4351,5902444.80000000,1145935.94061700
1627183800000,0.19440000,0.19446000,0.19279000,0.19321000,10644528.10000000,1627185599999,2062622.18675500,3729,6016659.50000000,1166164.82509200
1627185600000,0.19320000,0.20041000,0.19305000,0.19881000,123076792.30000000,1627187399999,24291094.13635800,31143,70016246.00000000,13822902.98075500
1627187400000,0.19883000,0.20040000,0.19742000,0.19780000,77585527.70000000,1627189199999,15424097.28184600,18804,37510035.20000000,7458418.18809500
1627189200000,0.19780000,0.19945000,0.19579000,0.19658000,52405404.40000000,1627190999999,10373735.85168800,13588,25879209.30000000,5125253.00945200
1627191000000,0.19659000,0.19735000,0.19595000,0.19689000,18234669.20000000,1627192799999,3586912.60909700,6003,7994687.20000000,1573122.92329600
1627192800000,0.19689000,0.19799000,0.19637000,0.19717000,15021583.60000000,1627194599999,2962133.65879500,5509,8106873.30000000,1598202.19909000
1627194600000,0.19717000,0.19766000,0.19690000,0.19727000,10759227.30000000,1627196399999,2122334.16018900,4568,5001507.60000000,986619.15296500
1627196400000,0.19728000,0.19919000,0.19711000,0.19839000,29977495.80000000,1627198199999,5947218.51370000,9552,16693273.10000000,3311530.24423900
1627198200000,0.19839000,0.19960000,0.19811000,0.19896000,27630206.40000000,1627199999999,5492746.26450800,8491,13382348.60000000,2660844.35965900
1627200000000,0.19895000,0.20076000,0.19850000,0.19917000,39736330.80000000,1627201799999,7931859.62094100,13351,21062694.40000000,4205560.00373000
1627201800000,0.19918000,0.19920000,0.19679000,0.19779000,24710008.70000000,1627203599999,4888635.87533600,8680,10943429.30000000,2165315.05358400
1627203600000,0.19779000,0.19848000,0.19660000,0.19736000,19484377.80000000,1627205399999,3849150.90315000,6851,9306272.10000000,1838164.69079500
1627205400000,0.19736000,0.19823000,0.19702000,0.19815000,17858603.40000000,1627207199999,3529008.09372200,5264,8808840.00000000,1740465.75384600
1627207200000,0.19815000,0.19914000,0.19792000,0.19851000,19209068.70000000,1627208999999,3815825.12415900,6912,9710740.30000000,1928951.67104500
1627209000000,0.19851000,0.19865000,0.19658000,0.19680000,23263673.60000000,1627210799999,4591229.17334000,8546,10941248.60000000,2160101.50739500
1627210800000,0.19680000,0.19760000,0.19543000,0.19559000,30615510.50000000,1627212599999,6016022.14754600,9483,15366621.40000000,3020290.77766100
1627212600000,0.19563000,0.19664000,0.19518000,0.19597000,15475697.90000000,1627214399999,3032208.40068400,5690,7761489.70000000,1520995.97671300
1627214400000,0.19597000,0.19597000,0.19444000,0.19473000,25429568.50000000,1627216199999,4958233.42249400,8043,12369703.40000000,2411575.41542900
1627216200000,0.19473000,0.19574000,0.19457000,0.19511000,17328691.40000000,1627217999999,3381131.29307100,5590,10205328.00000000,1991263.94817000
1627218000000,0.19502000,0.19557000,0.19201000,0.19296000,27154902.60000000,1627219799999,5268882.74097200,10640,11222215.60000000,2178325.44542200
1627219800000,0.19294000,0.19446000,0.19250000,0.19378000,26899818.40000000,1627221599999,5201939.33955200,9762,13014089.30000000,2517260.19071700
1627221600000,0.19378000,0.19421000,0.19186000,0.19210000,31856374.00000000,1627223399999,6146696.49583100,9714,15283628.70000000,2949201.21553000
1627223400000,0.19207000,0.19386000,0.19192000,0.19324000,21393381.00000000,1627225199999,4123779.90605100,7121,11304529.30000000,2179334.90417500
1627225200000,0.19326000,0.19450000,0.19286000,0.19310000,18088075.90000000,1627226999999,3503516.31890000,6289,9871601.90000000,1912077.81116900
1627227000000,0.19311000,0.19490000,0.19286000,0.19457000,13286911.30000000,1627228799999,2578146.28564000,5408,7907581.90000000,1534457.86490800
1627228800000,0.19460000,0.19475000,0.19363000,0.19382000,14258996.20000000,1627230599999,2767720.12164100,4793,6872821.50000000,1334194.06347500
1627230600000,0.19383000,0.19432000,0.19238000,0.19314000,17089169.50000000,1627232399999,3305016.71675100,5635,9671125.90000000,1870860.10844300
1627232400000,0.19314000,0.19530000,0.19264000,0.19521000,17165188.00000000,1627234199999,3332771.22277300,6343,9498871.50000000,1844034.97899300
1627234200000,0.19520000,0.19524000,0.19446000,0.19490000,12028449.70000000,1627235999999,2343929.58087900,4574,5898434.20000000,1149397.62418400
1627236000000,0.19490000,0.19520000,0.19418000,0.19452000,13768680.70000000,1627237799999,2680425.94845000,4422,6370677.10000000,1240613.67672700
1627237800000,0.19452000,0.19463000,0.19395000,0.19407000,6482062.60000000,1627239599999,1258783.22650300,3176,3189823.80000000,619430.28885300
1627239600000,0.19406000,0.19457000,0.19304000,0.19403000,12799574.80000000,1627241399999,2481035.57844000,4746,6480255.90000000,1256459.98890700
1627241400000,0.19403000,0.19485000,0.19365000,0.19388000,13489681.80000000,1627243199999,2621412.29053000,4628,7454224.50000000,1448636.98848100
1627243200000,0.19387000,0.19420000,0.19338000,0.19393000,14180651.70000000,1627244999999,2749335.84525200,4023,9715815.70000000,1883935.25954500
1627245000000,0.19392000,0.19493000,0.19366000,0.19480000,8847264.40000000,1627246799999,1719023.43992500,3436,5037811.10000000,979021.91379200
1627246800000,0.19482000,0.19530000,0.19402000,0.19488000,8520478.50000000,1627248599999,1658355.43311300,3835,4663807.80000000,907580.12413300
1627248600000,0.19487000,0.19613000,0.19466000,0.19564000,9477566.50000000,1627250399999,1851121.30375000,3921,4706869.90000000,918940.85085700
1627250400000,0.19564000,0.19584000,0.19462000,0.19493000,9888066.40000000,1627252199999,1929800.69279700,3734,4699298.20000000,917130.10437900
1627252200000,0.19494000,0.19565000,0.19493000,0.19563000,6989987.60000000,1627253999999,1364615.98100800,2789,3575541.10000000,698083.14431800
1627254000000,0.19557000,0.19698000,0.19534000,0.19660000,22996605.50000000,1627255799999,4510180.03149500,7009,12260418.50000000,2404412.34168900
1627255800000,0.19660000,0.19811000,0.19654000,0.19793000,49992977.90000000,1627257599999,9868855.89417900,13540,27346895.20000000,5397890.35844500
1627257600000,0.19788000,0.20075000,0.19679000,0.20033000,98863824.30000000,1627259399999,19696461.09270600,22696,44710737.80000000,8902154.35173600
